{

    "北京":[116.405285,39.904989],
    "天津":[117.190182,39.125596],
    "上海":[121.472644,31.231706],
    "重庆":[106.504962,29.533155],
    "河北":[114.502461,38.045474],
    "河南":[113.665412,34.757975],
    "云南":[102.712251,25.040609],
    "辽宁":[123.429096,41.796767],
    "黑龙江":[126.642464,45.756967],
    "湖南":[112.982279,28.19409],
    "安徽":[117.283042,31.86119],
    "山东":[117.000923,36.675807],
    "新疆":[87.617733,43.792818],
    "江苏":[118.767413,32.041544],
    "浙江":[120.153576,30.287459],
    "江西":[115.892151,28.676493],
    "湖北":[114.298572,30.584355],
    "广西":[108.320004,22.82402],
    "甘肃":[103.823557,36.058039],
    "山西":[112.549248,37.857014],
    "内蒙古":[111.670801,40.818311],
    "陕西":[108.948024,34.263161],
    "吉林":[125.3245,43.886841],
    "福建":[119.306239,26.075302],
    "贵州":[106.713478,26.578343],
    "广东": [113.280637,23.125178],
    "青海":[101.778916,36.623178],
    "西藏":[91.132212,29.660361],
    "四川":[104.065735,30.659462],
    "宁夏":[106.278179,38.46637],
    "海南":[110.33119,20.031971],
    "台湾":[121.509062,25.044332],
    "香港":[114.173355,22.320048],
    "澳门":[113.54909,22.198951]
}
